country,SUBJECT,TIME,Value
AUS,HH,2013,42.23634
AUS,HH,2014,47.64721
AUS,HH,2015,49.86091
AUS,HH,2016,47.43574
AUS,HH,2017,48.65071
AUS,HH,2018,52.3847
AUS,OTHPRIVENT,2013,15.27347
AUS,OTHPRIVENT,2014,13.59284
AUS,OTHPRIVENT,2015,12.31883
AUS,OTHPRIVENT,2016,13.04121
AUS,OTHPRIVENT,2017,15.18507
AUS,OTHPRIVENT,2018,12.82241
AUT,HH,2012,2.075188
AUT,HH,2013,2.597502
AUT,HH,2014,2.925185
AUT,HH,2015,3.085624
AUT,HH,2016,3.076765
AUT,HH,2017,2.957081
AUT,HH,2018,3.194471
AUT,OTHPRIVENT,2012,2.781363
AUT,OTHPRIVENT,2013,2.818475
AUT,OTHPRIVENT,2014,2.643998
AUT,OTHPRIVENT,2015,3.145569
AUT,OTHPRIVENT,2016,3.348473
AUT,OTHPRIVENT,2017,5.944208
AUT,OTHPRIVENT,2018,7.346432
BEL,HH,2012,7.998446
BEL,HH,2013,7.943081
BEL,HH,2014,7.939892
BEL,HH,2015,8.068292
BEL,HH,2016,7.940902
BEL,HH,2017,7.715065
BEL,HH,2018,7.515335
BEL,OTHPRIVENT,2012,4.801591
BEL,OTHPRIVENT,2013,5.133787
BEL,OTHPRIVENT,2014,5.424984
BEL,OTHPRIVENT,2015,5.592228
BEL,OTHPRIVENT,2016,6.487826
BEL,OTHPRIVENT,2017,6.262579
BEL,OTHPRIVENT,2018,5.719663
CAN,HH,2011,23.35465
CAN,HH,2012,17.50859
CAN,HH,2013,18.31047
CAN,HH,2014,19.25186
CAN,HH,2015,21.11193
CAN,HH,2016,20.81645
CAN,HH,2017,22.38809
CAN,HH,2018,24.06111
CAN,OTHPRIVENT,2011,21.59151
CAN,OTHPRIVENT,2012,23.52971
CAN,OTHPRIVENT,2013,25.26409
CAN,OTHPRIVENT,2014,25.58989
CAN,OTHPRIVENT,2015,22.31277
CAN,OTHPRIVENT,2016,25.92064
CAN,OTHPRIVENT,2017,23.66376
CAN,OTHPRIVENT,2018,23.60117
CZE,HH,2012,7.275652
CZE,HH,2013,7.892095
CZE,HH,2014,8.151575
CZE,HH,2015,8.14693
CZE,HH,2016,9.621507
CZE,HH,2017,9.378695
CZE,HH,2018,7.087445
CZE,OTHPRIVENT,2012,10.52288
CZE,OTHPRIVENT,2013,11.4206
CZE,OTHPRIVENT,2014,11.79076
CZE,OTHPRIVENT,2015,11.76253
CZE,OTHPRIVENT,2016,13.98874
CZE,OTHPRIVENT,2017,13.68123
CZE,OTHPRIVENT,2018,10.36652
FRA,HH,2012,10.42615
FRA,HH,2013,10.64482
FRA,HH,2014,11.54018
FRA,HH,2015,10.70595
FRA,HH,2016,11.19718
FRA,HH,2017,11.42078
FRA,HH,2018,11.61221
FRA,OTHPRIVENT,2012,9.40469
FRA,OTHPRIVENT,2013,10.13218
FRA,OTHPRIVENT,2014,9.442914
FRA,OTHPRIVENT,2015,9.59411
FRA,OTHPRIVENT,2016,10.06854
FRA,OTHPRIVENT,2017,9.725367
FRA,OTHPRIVENT,2018,10.08005
ISL,HH,2012,7.10122
ISL,HH,2013,7.769048
ISL,HH,2014,7.890297
ISL,HH,2015,7.650756
ISL,HH,2016,7.401554
ISL,HH,2017,7.329608
ISL,HH,2018,7.687223
ISL,OTHPRIVENT,2012,0.5742739
ISL,OTHPRIVENT,2013,0.600233
ISL,OTHPRIVENT,2014,0.6168987
ISL,OTHPRIVENT,2015,0.6131782
ISL,OTHPRIVENT,2016,0.6362411
ISL,OTHPRIVENT,2017,0.6717747
ISL,OTHPRIVENT,2018,0.7267935
IRL,HH,2015,27.02678
IRL,HH,2016,26.55865
IRL,HH,2017,26.49832
IRL,HH,2018,24.9219
IRL,OTHPRIVENT,2015,2.209792
IRL,OTHPRIVENT,2016,2.156615
IRL,OTHPRIVENT,2017,2.350179
IRL,OTHPRIVENT,2018,2.589493
ITA,HH,2012,25.78331
ITA,HH,2013,25.42188
ITA,HH,2014,26.50286
ITA,HH,2015,28.2425
ITA,HH,2016,29.8572
ITA,HH,2017,29.2613
ITA,HH,2018,31.85868
ITA,OTHPRIVENT,2012,7.344019
ITA,OTHPRIVENT,2013,6.300539
ITA,OTHPRIVENT,2014,7.630894
ITA,OTHPRIVENT,2015,7.115799
ITA,OTHPRIVENT,2016,6.092502
ITA,OTHPRIVENT,2017,5.878919
ITA,OTHPRIVENT,2018,4.007207
JPN,HH,2005,51.39446
JPN,HH,2011,52.32327
JPN,HH,2012,52.15364
JPN,HH,2013,50.61538
JPN,HH,2014,51.03793
JPN,HH,2015,51.99517
JPN,HH,2016,52.68304
JPN,HH,2017,52.56713
JPN,HH,2018,52.67033
JPN,OTHPRIVENT,2005,16.36396
JPN,OTHPRIVENT,2011,16.02327
JPN,OTHPRIVENT,2012,15.2651
JPN,OTHPRIVENT,2013,14.86225
JPN,OTHPRIVENT,2014,15.17072
JPN,OTHPRIVENT,2015,15.94285
JPN,OTHPRIVENT,2016,16.76099
JPN,OTHPRIVENT,2017,16.20161
JPN,OTHPRIVENT,2018,15.19538
KOR,HH,2015,45.43879
KOR,HH,2016,44.26888
KOR,HH,2017,43.08146
KOR,HH,2018,41.35367
KOR,OTHPRIVENT,2015,18.42756
KOR,OTHPRIVENT,2016,18.15397
KOR,OTHPRIVENT,2017,18.78559
KOR,OTHPRIVENT,2018,18.90478
MEX,HH,1995,22.61257
MEX,HH,2000,19.96666
MEX,HH,2005,30.56223
MEX,HH,2008,29.46822
MEX,HH,2009,30.9495
MEX,HH,2010,29.76142
MEX,HH,2011,32.57651
MEX,HH,2012,29.97505
MEX,HH,2013,29.35151
MEX,HH,2014,28.51563
MEX,HH,2015,28.84119
MEX,HH,2016,30.61077
MEX,HH,2017,29.92529
MEX,HH,2018,42.1759
MEX,OTHPRIVENT,2000,0.6349323
MEX,OTHPRIVENT,2005,0.4586831
MEX,OTHPRIVENT,2008,0.39734
MEX,OTHPRIVENT,2009,0.3617329
MEX,OTHPRIVENT,2010,0.3544126
MEX,OTHPRIVENT,2011,0.3608656
MEX,OTHPRIVENT,2012,0.3348481
MEX,OTHPRIVENT,2013,0.3264612
MEX,OTHPRIVENT,2014,0.3017882
MEX,OTHPRIVENT,2015,0.2950633
MEX,OTHPRIVENT,2016,0.2922942
MEX,OTHPRIVENT,2017,0.320235
MEX,OTHPRIVENT,2018,0.2583534
NLD,HH,2012,15.16537
NLD,HH,2013,15.47029
NLD,HH,2014,15.83626
NLD,HH,2015,16.13021
NLD,HH,2016,16.4145
NLD,HH,2017,16.58046
NLD,HH,2018,15.77934
NLD,OTHPRIVENT,2012,13.53499
NLD,OTHPRIVENT,2013,13.36095
NLD,OTHPRIVENT,2014,13.33254
NLD,OTHPRIVENT,2015,13.1394
NLD,OTHPRIVENT,2016,12.99766
NLD,OTHPRIVENT,2017,13.19869
NLD,OTHPRIVENT,2018,13.09509
NZL,HH,2012,33.09443
NZL,HH,2013,32.95682
NZL,HH,2014,34.26603
NZL,HH,2015,33.77224
NZL,HH,2016,34.01404
NZL,HH,2017,33.30194
NZL,HH,2018,32.27697
NOR,HH,2012,3.293702
NOR,HH,2013,3.415701
NOR,HH,2014,3.491395
NOR,HH,2015,3.839613
NOR,HH,2016,3.492168
NOR,HH,2017,3.973432
NOR,HH,2018,3.766532
POL,HH,2005,26.01591
POL,HH,2008,23.4951
POL,HH,2009,22.54164
POL,HH,2010,21.8244
POL,HH,2011,23.8429
POL,HH,2012,19.33882
POL,HH,2013,17.05992
POL,HH,2014,15.76447
POL,HH,2015,14.05212
POL,HH,2016,15.73391
POL,HH,2017,14.88831
POL,HH,2018,14.42333
POL,OTHPRIVENT,2008,6.615318
POL,OTHPRIVENT,2009,7.406915
POL,OTHPRIVENT,2010,6.642091
POL,OTHPRIVENT,2011,1.847394
POL,OTHPRIVENT,2012,2.182184
POL,OTHPRIVENT,2013,1.911044
POL,OTHPRIVENT,2014,2.130824
POL,OTHPRIVENT,2015,2.123391
POL,OTHPRIVENT,2016,2.66317
POL,OTHPRIVENT,2017,3.624793
POL,OTHPRIVENT,2018,5.522387
PRT,HH,2012,32.16301
PRT,HH,2013,29.3991
PRT,HH,2014,28.60262
PRT,HH,2015,26.06713
PRT,HH,2016,27.84863
PRT,HH,2017,28.99885
PRT,HH,2018,27.862
PRT,OTHPRIVENT,2012,9.897951
PRT,OTHPRIVENT,2013,8.848092
PRT,OTHPRIVENT,2014,5.659674
PRT,OTHPRIVENT,2015,5.519337
PRT,OTHPRIVENT,2016,3.741936
PRT,OTHPRIVENT,2017,3.874444
PRT,OTHPRIVENT,2018,3.901161
SVK,HH,2012,13.52397
SVK,HH,2013,13.01285
SVK,HH,2014,11.36782
SVK,HH,2015,10.4623
SVK,HH,2016,16.38752
SVK,HH,2017,14.64147
SVK,HH,2018,14.69813
SVK,OTHPRIVENT,2012,12.18276
SVK,OTHPRIVENT,2013,11.48541
SVK,OTHPRIVENT,2014,11.04783
SVK,OTHPRIVENT,2015,9.313937
SVK,OTHPRIVENT,2016,11.92654
SVK,OTHPRIVENT,2017,14.29247
SVK,OTHPRIVENT,2018,14.56619
ESP,HH,2012,22.62269
ESP,HH,2013,26.99304
ESP,HH,2014,27.66081
ESP,HH,2015,28.79221
ESP,HH,2016,29.17586
ESP,HH,2017,28.76374
ESP,HH,2018,30.77025
ESP,OTHPRIVENT,2012,3.914681
ESP,OTHPRIVENT,2013,3.248788
ESP,OTHPRIVENT,2014,3.442302
ESP,OTHPRIVENT,2015,3.006161
ESP,OTHPRIVENT,2016,3.687877
ESP,OTHPRIVENT,2017,3.438999
ESP,OTHPRIVENT,2018,2.932179
SWE,OTHPRIVENT,2012,9.932481
SWE,OTHPRIVENT,2013,9.503079
SWE,OTHPRIVENT,2014,9.833078
SWE,OTHPRIVENT,2015,10.47226
SWE,OTHPRIVENT,2016,10.79282
SWE,OTHPRIVENT,2017,10.60457
SWE,OTHPRIVENT,2018,10.43093
GBR,HH,2012,18.59879
GBR,HH,2013,41.24595
GBR,HH,2014,45.8097
GBR,HH,2015,48.00822
GBR,HH,2016,51.83641
GBR,HH,2017,52.46628
GBR,HH,2018,52.31844
GBR,OTHPRIVENT,2012,22.92363
GBR,OTHPRIVENT,2013,22.33045
GBR,OTHPRIVENT,2014,23.57331
GBR,OTHPRIVENT,2015,23.39815
GBR,OTHPRIVENT,2016,16.87294
GBR,OTHPRIVENT,2017,18.54651
GBR,OTHPRIVENT,2018,19.00179
USA,HH,1995,46.2758
USA,HH,2000,34.36904
USA,HH,2005,39.14315
USA,HH,2008,40.26979
USA,HH,2009,42.7215
USA,HH,2010,44.14247
USA,HH,2011,43.58802
USA,HH,2012,45.84794
USA,HH,2013,46.49788
USA,HH,2014,46.18878
USA,HH,2015,46.29568
USA,HH,2016,45.88216
USA,HH,2017,45.38839
USA,HH,2018,44.66441
USA,OTHPRIVENT,1995,15.08067
USA,OTHPRIVENT,2000,21.8863
USA,OTHPRIVENT,2005,18.89029
USA,OTHPRIVENT,2008,18.40829
USA,OTHPRIVENT,2009,16.63294
USA,OTHPRIVENT,2010,15.87239
USA,OTHPRIVENT,2011,17.33167
USA,OTHPRIVENT,2012,16.34998
USA,OTHPRIVENT,2013,17.17649
USA,OTHPRIVENT,2014,19.06804
USA,OTHPRIVENT,2015,18.49963
USA,OTHPRIVENT,2016,19.07917
USA,OTHPRIVENT,2017,19.48381
USA,OTHPRIVENT,2018,19.69291
CHL,HH,2012,68.3207
CHL,HH,2013,54.76127
CHL,HH,2014,51.9194
CHL,HH,2015,54.94421
CHL,HH,2016,60.55107
CHL,HH,2017,60.25195
CHL,HH,2018,56.54903
CHL,OTHPRIVENT,2012,7.486738
CHL,OTHPRIVENT,2013,10.68266
CHL,OTHPRIVENT,2014,10.57624
CHL,OTHPRIVENT,2015,9.39463
CHL,OTHPRIVENT,2016,8.456183
CHL,OTHPRIVENT,2017,1.95893
CHL,OTHPRIVENT,2018,2.162694
EST,HH,2012,11.32456
EST,HH,2013,13.27496
EST,HH,2014,7.55119
EST,HH,2015,6.497971
EST,HH,2016,5.791743
EST,HH,2017,6.594309
EST,HH,2018,6.230091
EST,OTHPRIVENT,2012,4.948163
EST,OTHPRIVENT,2013,0.4136923
EST,OTHPRIVENT,2014,12.39887
EST,OTHPRIVENT,2015,17.34796
EST,OTHPRIVENT,2016,6.28069
EST,OTHPRIVENT,2017,7.989845
EST,OTHPRIVENT,2018,11.33166
ISR,HH,1995,24.25387
ISR,HH,2000,22.8565
ISR,HH,2005,28.92196
ISR,HH,2008,33.6802
ISR,HH,2009,27.27198
ISR,HH,2010,29.64664
ISR,HH,2012,29.20985
ISR,HH,2013,28.00385
ISR,HH,2014,27.21338
ISR,HH,2015,26.1577
ISR,HH,2016,28.54279
ISR,HH,2017,26.83508
ISR,HH,2018,27.14469
ISR,OTHPRIVENT,1995,16.52814
ISR,OTHPRIVENT,2000,16.14788
ISR,OTHPRIVENT,2005,18.0134
ISR,OTHPRIVENT,2008,15
ISR,OTHPRIVENT,2009,14.55873
ISR,OTHPRIVENT,2010,16.12712
ISR,OTHPRIVENT,2012,18.9593
ISR,OTHPRIVENT,2013,19.8141
ISR,OTHPRIVENT,2014,19.9748
ISR,OTHPRIVENT,2015,14.57775
ISR,OTHPRIVENT,2016,17.6012
ISR,OTHPRIVENT,2017,15.2654
ISR,OTHPRIVENT,2018,19.4729
RUS,HH,2010,26.75314
RUS,HH,2011,25.11207
RUS,HH,2012,23.66666
RUS,HH,2013,22.90739
RUS,HH,2014,22.69565
RUS,HH,2015,23.31043
RUS,HH,2016,22.96999
RUS,HH,2017,24.41396
RUS,HH,2018,20.38589
RUS,OTHPRIVENT,2010,9.119001
RUS,OTHPRIVENT,2011,10.81263
RUS,OTHPRIVENT,2012,12.6497
RUS,OTHPRIVENT,2013,11.91042
RUS,OTHPRIVENT,2014,10.92128
RUS,OTHPRIVENT,2015,11.64153
RUS,OTHPRIVENT,2016,12.17294
RUS,OTHPRIVENT,2017,13.95781
RUS,OTHPRIVENT,2018,13.06526
SVN,HH,2005,16.76175
SVN,HH,2008,15.62663
SVN,HH,2009,10.46241
SVN,HH,2010,10.31251
SVN,HH,2011,9.296715
SVN,HH,2012,11.00909
SVN,HH,2013,10.10213
SVN,HH,2014,11.33992
SVN,HH,2016,11.70071
SVN,HH,2017,11.19523
SVN,HH,2018,7.129918
SVN,OTHPRIVENT,2005,6.051
SVN,OTHPRIVENT,2008,0.2296293
SVN,OTHPRIVENT,2009,4.046393
SVN,OTHPRIVENT,2010,4.537418
SVN,OTHPRIVENT,2011,4.584365
SVN,OTHPRIVENT,2012,2.381888
SVN,OTHPRIVENT,2013,2.264405
SVN,OTHPRIVENT,2014,2.320984
SVN,OTHPRIVENT,2015,2.349734
SVN,OTHPRIVENT,2016,2.262692
SVN,OTHPRIVENT,2017,1.794081
SVN,OTHPRIVENT,2018,3.92925
HUN,PUB,1995,80.25735
HUN,PUB,2000,76.67942
HUN,PUB,2012,54.43539
HUN,PUB,2013,61.18879
HUN,PUB,2014,69.67638
HUN,PUB,2015,62.94263
HUN,PUB,2016,62.80616
HUN,PUB,2017,65.45336
HUN,PUB,2018,67.67234
ITA,PUB,1995,82.92527
ITA,PUB,2000,77.15996
ITA,PUB,2005,72.17553
ITA,PUB,2008,69.37157
ITA,PUB,2009,67.31834
ITA,PUB,2010,66.07988
ITA,PUB,2011,64.46392
ITA,PUB,2012,64.19332
ITA,PUB,2013,65.01943
ITA,PUB,2014,63.24794
ITA,PUB,2015,61.71525
ITA,PUB,2016,60.97065
ITA,PUB,2017,61.82516
ITA,PUB,2018,61.88784
JPN,PRIV,2005,67.75842
JPN,PRIV,2010,65.64867
JPN,PRIV,2011,68.34653
JPN,PRIV,2012,67.41874
JPN,PRIV,2013,65.47763
JPN,PRIV,2014,66.20864
JPN,PRIV,2015,67.93802
JPN,PRIV,2016,69.44403
JPN,PRIV,2017,68.76874
JPN,PRIV,2018,67.86572
LUX,PUB,2012,92.51251
LUX,PUB,2013,95.87461
LUX,PUB,2014,93.34135
LUX,PUB,2015,92.39321
LUX,PUB,2016,91.85878
LUX,PUB,2017,88.8977
LUX,PUB,2018,90.11209
MEX,PRIV,1995,22.61257
MEX,PRIV,2000,20.60159
MEX,PRIV,2005,31.02091
MEX,PRIV,2008,29.86556
MEX,PRIV,2009,31.31123
MEX,PRIV,2010,30.11584
MEX,PRIV,2011,32.93738
MEX,PRIV,2013,29.67797
MEX,PRIV,2014,28.81742
MEX,PRIV,2015,29.13626
MEX,PRIV,2016,30.90307
MEX,PRIV,2017,30.24553
MEX,PRIV,2018,42.43426
NZL,PUB,2013,51.90427
NZL,PUB,2014,51.03327
NZL,PUB,2015,51.59092
NZL,PUB,2016,50.59688
NZL,PUB,2017,50.79039
NZL,PUB,2018,53.32481
NOR,PRIV,1995,6.289938
NOR,PRIV,2000,3.699628
NOR,PRIV,2008,3.108774
NOR,PRIV,2009,3.902678
NOR,PRIV,2010,3.99917
NOR,PRIV,2011,4.10392
NOR,PRIV,2013,3.956242
NOR,PRIV,2014,3.717864
NOR,PRIV,2015,4.023935
NOR,PRIV,2016,5.856958
NOR,PRIV,2017,7.035873
NOR,PRIV,2018,6.210323
SVK,PRIV,1995,4.565812
SVK,PRIV,2000,8.579041
SVK,PRIV,2005,22.23783
SVK,PRIV,2008,25.8371
SVK,PRIV,2009,28.48294
SVK,PRIV,2010,29.22333
SVK,PRIV,2011,22.67106
SVK,PRIV,2012,25.70673
SVK,PRIV,2013,24.49827
SVK,PRIV,2014,22.41565
SVK,PRIV,2015,19.77624
SVK,PRIV,2016,28.31406
SVK,PRIV,2017,28.93394
SVK,PRIV,2018,29.26432
ISR,PRIV,1995,40.78202
ISR,PRIV,2000,39.94831
ISR,PRIV,2005,46.93536
ISR,PRIV,2008,40.29611
ISR,PRIV,2009,39.0666
ISR,PRIV,2010,35.2841
ISR,PRIV,2011,51.00249
ISR,PRIV,2012,48.16915
ISR,PRIV,2013,47.81796
ISR,PRIV,2014,47.18818
ISR,PRIV,2015,40.73544
ISR,PRIV,2016,46.14399
ISR,PRIV,2017,42.10048
ISR,PRIV,2018,46.61758
SVN,PUB,2005,74.37175
SVN,PUB,2008,82.06051
SVN,PUB,2009,82.67631
SVN,PUB,2010,82.0846
SVN,PUB,2011,79.84978
SVN,PUB,2012,83.2635
SVN,PUB,2013,83.81774
SVN,PUB,2014,82.59159
SVN,PUB,2015,83.32673
SVN,PUB,2016,81.62304
SVN,PUB,2017,82.55323
SVN,PUB,2018,84.42868
FIN,PUB,1995,97.75153
FIN,PUB,2000,97.23907
FIN,PUB,2005,96.12998
FIN,PUB,2008,95.42854
FIN,PUB,2009,95.77046
FIN,PUB,2010,95.94382
FIN,PUB,2011,95.88282
FIN,PUB,2012,92.33421
FIN,PUB,2013,92.16565
FIN,PUB,2014,92.43954
FIN,PUB,2015,93.05753
FIN,PUB,2016,92.47891
FIN,PUB,2017,91.85652
FIN,PUB,2018,91.02246
GRC,PUB,1995,95.21416
GRC,PUB,2000,99.73251
GRC,PUB,2005,96.69408
GRC,PUB,2012,82.63564
GRC,PUB,2013,74.46649
GRC,PUB,2014,72.79422
GRC,PUB,2015,73.33002
GRC,PUB,2017,77.00947
GRC,PUB,2018,76.89125
HUN,PRIV,1995,19.74266
HUN,PRIV,2000,23.32058
HUN,PRIV,2012,45.56461
HUN,PRIV,2013,36.12717
HUN,PRIV,2014,30.32362
HUN,PRIV,2015,37.05737
HUN,PRIV,2016,35.32937
HUN,PRIV,2017,32.60025
HUN,PRIV,2018,30.5066
IRL,PUB,2015,66.71474
IRL,PUB,2016,67.0984
IRL,PUB,2017,66.93074
IRL,PUB,2018,67.88229
ITA,PRIV,1995,17.07465
ITA,PRIV,2000,22.35344
ITA,PRIV,2005,26.47365
ITA,PRIV,2008,28.81694
ITA,PRIV,2009,30.85125
ITA,PRIV,2010,31.66112
ITA,PRIV,2011,32.50842
ITA,PRIV,2012,33.12733
ITA,PRIV,2013,31.72242
ITA,PRIV,2014,34.13375
ITA,PRIV,2015,35.3583
ITA,PRIV,2016,35.94971
ITA,PRIV,2017,35.14022
ITA,PRIV,2018,35.86589
KOR,PUB,2015,36.13366
KOR,PUB,2016,37.57715
KOR,PUB,2017,38.13295
KOR,PUB,2018,39.74156
LUX,PRIV,2012,5.105193
LUX,PRIV,2013,2.014265
LUX,PRIV,2014,4.603935
LUX,PRIV,2015,4.286397
LUX,PRIV,2016,5.961421
LUX,PRIV,2017,5.736207
LUX,PRIV,2018,5.578425
NZL,PRIV,2013,48.09573
NZL,PRIV,2014,48.96673
NZL,PRIV,2015,48.40908
NZL,PRIV,2016,49.40312
NZL,PRIV,2017,49.20961
NZL,PRIV,2018,46.67519
SVN,PRIV,2005,22.81275
SVN,PRIV,2008,15.85626
SVN,PRIV,2009,14.51098
SVN,PRIV,2010,14.85214
SVN,PRIV,2011,13.88108
SVN,PRIV,2012,13.39097
SVN,PRIV,2013,12.36653
SVN,PRIV,2014,13.6609
SVN,PRIV,2015,13.0264
SVN,PRIV,2016,13.9634
SVN,PRIV,2017,12.98931
SVN,PRIV,2018,11.05917
AUS,PUB,2013,42.4902
AUS,PUB,2014,38.75995
AUS,PUB,2015,37.82026
AUS,PUB,2016,39.52304
AUS,PUB,2017,36.16422
AUS,PUB,2018,34.79288
AUT,PRIV,2012,4.85655
AUT,PRIV,2013,5.415977
AUT,PRIV,2014,5.569183
AUT,PRIV,2015,6.231193
AUT,PRIV,2016,6.425238
AUT,PRIV,2017,8.901289
AUT,PRIV,2018,10.5409
CAN,PUB,1995,56.47751
CAN,PUB,2000,60.857
CAN,PUB,2005,54.88274
CAN,PUB,2008,62.65391
CAN,PUB,2009,56.36401
CAN,PUB,2010,57.15056
CAN,PUB,2011,54.68584
CAN,PUB,2012,58.9617
CAN,PUB,2013,56.42545
CAN,PUB,2014,55.15824
CAN,PUB,2015,56.5753
CAN,PUB,2016,53.26291
CAN,PUB,2017,53.94815
CAN,PUB,2018,52.33773
CZE,PRIV,1995,28.45036
CZE,PRIV,2000,14.32337
CZE,PRIV,2005,18.68526
CZE,PRIV,2008,20.47261
CZE,PRIV,2009,19.69213
CZE,PRIV,2010,20.35206
CZE,PRIV,2011,18.67314
CZE,PRIV,2012,17.79853
CZE,PRIV,2013,19.3127
CZE,PRIV,2014,19.94233
CZE,PRIV,2015,19.90946
CZE,PRIV,2016,23.61025
CZE,PRIV,2017,23.05993
CZE,PRIV,2018,17.45396
FRA,PRIV,2005,16.26365
FRA,PRIV,2008,18.0832
FRA,PRIV,2009,16.76697
FRA,PRIV,2010,17.84518
FRA,PRIV,2011,18.86265
FRA,PRIV,2012,19.83084
FRA,PRIV,2013,20.777
FRA,PRIV,2014,20.9831
FRA,PRIV,2015,20.30006
FRA,PRIV,2016,21.26572
FRA,PRIV,2017,21.14615
FRA,PRIV,2018,21.69225
USA,PUB,1995,38.64353
USA,PUB,2000,43.74466
USA,PUB,2005,41.96656
USA,PUB,2008,41.32191
USA,PUB,2009,40.64556
USA,PUB,2010,39.98513
USA,PUB,2011,39.0803
USA,PUB,2012,37.80208
USA,PUB,2013,36.32563
USA,PUB,2014,34.74318
USA,PUB,2015,35.20469
USA,PUB,2016,35.03867
USA,PUB,2017,35.1278
USA,PUB,2018,35.64267
ARG,PUB,2008,81.09927
ARG,PUB,2009,84.09077
ARG,PUB,2010,77.20074
ARG,PUB,2011,76.94389
CHL,PRIV,1995,74.88832
CHL,PRIV,2000,80.5287
CHL,PRIV,2005,84.53828
CHL,PRIV,2008,85.57634
CHL,PRIV,2009,85.36354
CHL,PRIV,2010,76.58141
CHL,PRIV,2011,77.89084
CHL,PRIV,2012,75.80744
CHL,PRIV,2013,65.44393
CHL,PRIV,2014,62.49564
CHL,PRIV,2015,64.33884
CHL,PRIV,2016,69.00725
CHL,PRIV,2017,62.21087
CHL,PRIV,2018,58.71172
RUS,PUB,2008,64.1348
RUS,PUB,2009,64.37958
RUS,PUB,2010,63.82924
RUS,PUB,2011,63.71851
RUS,PUB,2012,63.1897
RUS,PUB,2013,64.50631
RUS,PUB,2014,65.51982
RUS,PUB,2015,63.90124
RUS,PUB,2016,63.77616
RUS,PUB,2017,60.37347
RUS,PUB,2018,65.29711
JPN,PUB,2005,32.24158
JPN,PUB,2010,34.35134
JPN,PUB,2011,31.65347
JPN,PUB,2012,32.58126
JPN,PUB,2013,34.52237
JPN,PUB,2014,33.79136
JPN,PUB,2015,32.06198
JPN,PUB,2016,30.55597
JPN,PUB,2017,31.23126
JPN,PUB,2018,32.13429
MEX,PUB,1995,77.38743
MEX,PUB,2000,79.39841
MEX,PUB,2005,68.97909
MEX,PUB,2008,70.13445
MEX,PUB,2009,68.68877
MEX,PUB,2010,69.88416
MEX,PUB,2011,67.06262
MEX,PUB,2013,70.32203
MEX,PUB,2014,71.18258
MEX,PUB,2015,70.86375
MEX,PUB,2016,69.09693
MEX,PUB,2017,69.75447
MEX,PUB,2018,57.56574
NLD,PRIV,1995,21.40595
NLD,PRIV,2000,24.6314
NLD,PRIV,2005,26.55629
NLD,PRIV,2008,27.89629
NLD,PRIV,2009,28.33198
NLD,PRIV,2010,27.54234
NLD,PRIV,2011,28.47914
NLD,PRIV,2012,28.70036
NLD,PRIV,2013,28.83123
NLD,PRIV,2014,29.16881
NLD,PRIV,2015,29.26961
NLD,PRIV,2016,29.41216
NLD,PRIV,2017,29.77915
NLD,PRIV,2018,28.87443
NOR,PUB,1995,93.71006
NOR,PUB,2000,96.30037
NOR,PUB,2008,96.89123
NOR,PUB,2009,96.09732
NOR,PUB,2010,96.00083
NOR,PUB,2011,95.89608
NOR,PUB,2013,96.04375
NOR,PUB,2014,96.28214
NOR,PUB,2015,95.97607
NOR,PUB,2016,93.06007
NOR,PUB,2017,91.60162
NOR,PUB,2018,92.33887
POL,PRIV,2005,26.01591
POL,PRIV,2008,30.11058
POL,PRIV,2009,29.94855
POL,PRIV,2010,28.46649
POL,PRIV,2011,25.69029
POL,PRIV,2012,21.521
POL,PRIV,2013,18.97096
POL,PRIV,2014,17.89529
POL,PRIV,2015,16.17551
POL,PRIV,2016,18.39708
POL,PRIV,2017,18.51311
POL,PRIV,2018,19.94572
SVK,PUB,1995,94.64008
SVK,PUB,2000,89.44973
SVK,PUB,2005,75.94156
SVK,PUB,2008,70.07291
SVK,PUB,2009,66.59057
SVK,PUB,2010,68.81232
SVK,PUB,2011,75.45825
SVK,PUB,2012,72.46904
SVK,PUB,2013,75.50173
SVK,PUB,2014,75.53856
SVK,PUB,2015,78.7356
SVK,PUB,2016,69.50237
SVK,PUB,2017,68.20238
SVK,PUB,2018,68.20345
ESP,PRIV,1995,25.62449
ESP,PRIV,2000,25.58532
ESP,PRIV,2005,22.09943
ESP,PRIV,2008,21.1356
ESP,PRIV,2009,20.91216
ESP,PRIV,2010,21.77982
ESP,PRIV,2011,22.53126
ESP,PRIV,2012,26.53737
ESP,PRIV,2013,30.24183
ESP,PRIV,2014,31.10311
ESP,PRIV,2015,31.79837
ESP,PRIV,2016,32.86374
ESP,PRIV,2017,32.20274
ESP,PRIV,2018,33.70243
TUR,PRIV,2011,22.05655
TUR,PRIV,2012,24.57339
TUR,PRIV,2013,25.71068
TUR,PRIV,2014,25.98817
TUR,PRIV,2015,25.98145
TUR,PRIV,2016,25.37253
TUR,PRIV,2017,19.71197
TUR,PRIV,2018,27.18224
IND,PRIV,2000,0.2234778
IND,PRIV,2005,19.07814
ISR,PUB,1995,59.21798
ISR,PUB,2000,60.05169
ISR,PUB,2005,53.06464
ISR,PUB,2008,51.3198
ISR,PUB,2009,58.16929
ISR,PUB,2010,54.22624
ISR,PUB,2011,48.99751
ISR,PUB,2012,51.83085
ISR,PUB,2013,52.18204
ISR,PUB,2014,52.81182
ISR,PUB,2015,59.26456
ISR,PUB,2016,53.85601
ISR,PUB,2017,57.89952
ISR,PUB,2018,53.38242
BEL,PUB,2005,88.73288
BEL,PUB,2008,87.92018
BEL,PUB,2009,87.91188
BEL,PUB,2010,87.71764
BEL,PUB,2011,87.48977
BEL,PUB,2012,84.28478
BEL,PUB,2013,84.29762
BEL,PUB,2014,83.86056
BEL,PUB,2015,83.58294
BEL,PUB,2016,82.69842
BEL,PUB,2017,82.91347
BEL,PUB,2018,83.56802
DNK,PUB,1995,99.40405
DNK,PUB,2000,97.61373
DNK,PUB,2005,96.70573
DNK,PUB,2008,93.34492
DNK,PUB,2009,92.97375
DNK,PUB,2010,92.26746
DNK,PUB,2011,91.78908
DNK,PUB,2013,90.29342
DNK,PUB,2014,92.34969
DNK,PUB,2016,86.21557
DNK,PUB,2017,83.15323
DNK,PUB,2018,81.97565
FIN,PRIV,1995,2.248466
FIN,PRIV,2000,2.760936
FIN,PRIV,2005,3.870017
FIN,PRIV,2008,4.571456
FIN,PRIV,2009,4.22954
FIN,PRIV,2010,4.056172
FIN,PRIV,2011,4.117182
FIN,PRIV,2012,3.820483
FIN,PRIV,2013,3.922275
FIN,PRIV,2014,3.515769
FIN,PRIV,2015,3.419784
FIN,PRIV,2016,3.405771
FIN,PRIV,2017,3.50597
FIN,PRIV,2018,3.781386
DEU,PUB,2005,85.47294
DEU,PUB,2008,85.09049
DEU,PUB,2010,84.64345
DEU,PUB,2011,85.14175
DEU,PUB,2012,84.13484
DEU,PUB,2013,83.72941
DEU,PUB,2014,84.1353
DEU,PUB,2015,82.7237
DEU,PUB,2016,83.01349
DEU,PUB,2017,82.98943
DEU,PUB,2018,83.37025
GRC,PRIV,1995,0
GRC,PRIV,2000,0.2674916
GRC,PRIV,2005,3.305918
GRC,PRIV,2012,9.625505
GRC,PRIV,2013,12.49466
GRC,PRIV,2014,14.00294
GRC,PRIV,2015,11.56479
GRC,PRIV,2017,14.53227
GRC,PRIV,2018,13.90829
ISL,PUB,2000,91.77778
ISL,PUB,2005,90.53818
ISL,PUB,2008,92.16214
ISL,PUB,2009,92.00947
ISL,PUB,2010,91.17648
ISL,PUB,2011,90.59655
ISL,PUB,2012,85.31045
ISL,PUB,2013,86.84326
ISL,PUB,2014,89.11703
ISL,PUB,2015,89.30553
ISL,PUB,2016,88.57334
ISL,PUB,2017,89.87978
ISL,PUB,2018,88.32385
IRL,PRIV,2015,29.23657
IRL,PRIV,2016,28.71527
IRL,PRIV,2017,28.8485
IRL,PRIV,2018,27.51139
KOR,PRIV,2015,63.86634
KOR,PRIV,2016,62.42285
KOR,PRIV,2017,61.86705
KOR,PRIV,2018,60.25844
AUS,PRIV,2014,61.24005
AUS,PRIV,2015,62.17974
AUS,PRIV,2016,60.47696
AUS,PRIV,2017,63.83578
AUS,PRIV,2018,65.20712
CAN,PRIV,1995,43.37871
CAN,PRIV,2000,38.88436
CAN,PRIV,2005,44.80278
CAN,PRIV,2008,36.98706
CAN,PRIV,2009,43.28047
CAN,PRIV,2010,42.46678
CAN,PRIV,2011,44.94616
CAN,PRIV,2012,41.0383
CAN,PRIV,2013,43.57455
CAN,PRIV,2014,44.84176
CAN,PRIV,2015,43.4247
CAN,PRIV,2016,46.73709
CAN,PRIV,2017,46.05185
CAN,PRIV,2018,47.66227
PRT,PUB,1995,96.50138
PRT,PUB,2000,92.47052
PRT,PUB,2005,66.01618
PRT,PUB,2008,59.82487
PRT,PUB,2009,67.17749
PRT,PUB,2010,65.19163
PRT,PUB,2011,64.1166
PRT,PUB,2012,49.88355
PRT,PUB,2013,52.97459
PRT,PUB,2014,56.74063
PRT,PUB,2015,58.12692
PRT,PUB,2016,61.38959
PRT,PUB,2017,59.65606
PRT,PUB,2018,59.39544
SWE,PUB,1995,92.3157
SWE,PUB,2000,88.87234
SWE,PUB,2005,85.19179
SWE,PUB,2008,85.64133
SWE,PUB,2009,86.23553
SWE,PUB,2010,87.04826
SWE,PUB,2011,85.91282
SWE,PUB,2012,85.63662
SWE,PUB,2013,85.81184
SWE,PUB,2014,85.24149
SWE,PUB,2015,84.73987
SWE,PUB,2016,84.16079
SWE,PUB,2017,84.00671
SWE,PUB,2018,83.86531
GBR,PUB,2012,54.86192
GBR,PUB,2013,32.72168
GBR,PUB,2014,26.82421
GBR,PUB,2015,24.9912
GBR,PUB,2016,27.58112
GBR,PUB,2017,25.28605
GBR,PUB,2018,24.57307
USA,PRIV,1995,61.35647
USA,PRIV,2000,56.25534
USA,PRIV,2005,58.03344
USA,PRIV,2008,58.67809
USA,PRIV,2009,59.35444
USA,PRIV,2010,60.01487
USA,PRIV,2011,60.9197
USA,PRIV,2012,62.19792
USA,PRIV,2013,63.67437
USA,PRIV,2014,65.25681
USA,PRIV,2015,64.79531
USA,PRIV,2016,64.96133
USA,PRIV,2017,64.87219
USA,PRIV,2018,64.35732
ARG,PRIV,2008,18.90073
ARG,PRIV,2009,15.90922
ARG,PRIV,2010,22.79925
ARG,PRIV,2011,23.05611
EST,PUB,2005,67.94044
EST,PUB,2008,72.79056
EST,PUB,2009,104.3617
EST,PUB,2010,66.31696
EST,PUB,2011,68.69616
EST,PUB,2012,58.43132
EST,PUB,2013,60.8913
EST,PUB,2014,76.35246
EST,PUB,2015,70.94279
EST,PUB,2016,80.64777
EST,PUB,2017,72.26271
EST,PUB,2018,69.43705
RUS,PRIV,2008,35.63608
RUS,PRIV,2009,35.26503
RUS,PRIV,2010,35.87215
RUS,PRIV,2011,35.9247
RUS,PRIV,2012,36.31635
RUS,PRIV,2013,34.81781
RUS,PRIV,2014,33.61693
RUS,PRIV,2015,34.95196
RUS,PRIV,2016,35.14294
RUS,PRIV,2017,38.37177
RUS,PRIV,2018,33.45115
NLD,PUB,1995,77.408
NLD,PUB,2000,74.05474
NLD,PUB,2005,71.7541
NLD,PUB,2008,69.82674
NLD,PUB,2009,69.5383
NLD,PUB,2010,70.05509
NLD,PUB,2011,69.01323
NLD,PUB,2012,68.64854
NLD,PUB,2013,68.2345
NLD,PUB,2014,67.73226
NLD,PUB,2015,67.5386
NLD,PUB,2016,67.48503
NLD,PUB,2017,66.86879
NLD,PUB,2018,67.74423
POL,PUB,1995,100
POL,PUB,2000,99.50333
POL,PUB,2005,73.98409
POL,PUB,2008,69.08633
POL,PUB,2009,69.02267
POL,PUB,2010,68.4386
POL,PUB,2011,74.30971
POL,PUB,2012,74.43062
POL,PUB,2013,77.85632
POL,PUB,2014,78.71931
POL,PUB,2015,79.10197
POL,PUB,2016,78.68993
POL,PUB,2017,80.55491
POL,PUB,2018,78.96813
PRT,PRIV,1995,3.498621
PRT,PRIV,2000,7.529483
PRT,PRIV,2005,30.908
PRT,PRIV,2008,36.54116
PRT,PRIV,2009,27.52427
PRT,PRIV,2010,29.29955
PRT,PRIV,2011,29.40484
PRT,PRIV,2012,42.06096
PRT,PRIV,2013,38.24719
PRT,PRIV,2014,34.26229
PRT,PRIV,2015,31.58647
PRT,PRIV,2016,31.59057
PRT,PRIV,2017,32.8733
PRT,PRIV,2018,31.76316
ESP,PUB,1995,74.37457
ESP,PUB,2000,74.41468
ESP,PUB,2005,77.90057
ESP,PUB,2008,78.8644
ESP,PUB,2009,79.08784
ESP,PUB,2010,78.22018
ESP,PUB,2011,77.46873
ESP,PUB,2012,71.93259
ESP,PUB,2013,68.26564
ESP,PUB,2014,67.48718
ESP,PUB,2015,66.39655
ESP,PUB,2016,65.58521
ESP,PUB,2017,66.25883
ESP,PUB,2018,64.69379
SWE,PRIV,1995,6.352738
SWE,PRIV,2000,8.461538
SWE,PRIV,2005,11.3445
SWE,PRIV,2008,10.51975
SWE,PRIV,2009,9.811033
SWE,PRIV,2010,8.996566
SWE,PRIV,2011,10.05606
SWE,PRIV,2012,10.3142
SWE,PRIV,2013,10.0146
SWE,PRIV,2014,10.44045
SWE,PRIV,2015,11.27866
SWE,PRIV,2016,11.66769
SWE,PRIV,2017,11.60133
SWE,PRIV,2018,11.56461
TUR,PUB,2011,76.90319
TUR,PUB,2012,74.52431
TUR,PUB,2013,73.3888
TUR,PUB,2014,73.19095
TUR,PUB,2015,73.4147
TUR,PUB,2016,73.83129
TUR,PUB,2017,79.51687
TUR,PUB,2018,72.02518
GBR,PRIV,2012,41.52242
GBR,PRIV,2013,63.5764
GBR,PRIV,2014,69.38302
GBR,PRIV,2015,71.40637
GBR,PRIV,2016,68.70935
GBR,PRIV,2017,71.01279
GBR,PRIV,2018,71.32022
EST,PRIV,2005,29.2804
EST,PRIV,2008,19.55206
EST,PRIV,2009,25.81032
EST,PRIV,2010,21.61789
EST,PRIV,2011,16.78475
EST,PRIV,2012,16.27272
EST,PRIV,2013,13.68865
EST,PRIV,2014,19.95006
EST,PRIV,2015,23.84593
EST,PRIV,2016,12.07243
EST,PRIV,2017,14.58415
EST,PRIV,2018,17.56175
IND,PUB,2000,99.77652
IND,PUB,2005,80.92186
AUT,PUB,2012,95.14345
AUT,PUB,2013,94.58402
AUT,PUB,2014,94.43082
AUT,PUB,2015,93.76881
AUT,PUB,2016,93.57476
AUT,PUB,2017,91.09871
AUT,PUB,2018,89.4591
BEL,PRIV,2005,9.013371
BEL,PRIV,2008,9.7629
BEL,PRIV,2009,9.909749
BEL,PRIV,2010,9.856263
BEL,PRIV,2011,9.635932
BEL,PRIV,2012,12.80004
BEL,PRIV,2013,13.07687
BEL,PRIV,2014,13.36487
BEL,PRIV,2015,13.66052
BEL,PRIV,2016,14.42873
BEL,PRIV,2017,13.97764
BEL,PRIV,2018,13.235
CZE,PUB,1995,71.54964
CZE,PUB,2000,83.99244
CZE,PUB,2005,80.70189
CZE,PUB,2008,77.55691
CZE,PUB,2009,78.37178
CZE,PUB,2010,75.75015
CZE,PUB,2011,79.92805
CZE,PUB,2012,67.99366
CZE,PUB,2013,64.73061
CZE,PUB,2014,63.82016
CZE,PUB,2015,65.38103
CZE,PUB,2016,72.50609
CZE,PUB,2017,72.9304
CZE,PUB,2018,76.23522
DNK,PRIV,1995,0.5959547
DNK,PRIV,2000,2.386268
DNK,PRIV,2005,3.294272
DNK,PRIV,2008,4.362819
DNK,PRIV,2009,4.453011
DNK,PRIV,2010,4.86144
DNK,PRIV,2011,5.297055
DNK,PRIV,2013,5.807029
DNK,PRIV,2014,5.158892
DNK,PRIV,2016,8.959317
DNK,PRIV,2017,10.55826
DNK,PRIV,2018,12.08953
FRA,PUB,2005,82.77357
FRA,PUB,2008,80.56013
FRA,PUB,2009,82.15907
FRA,PUB,2010,80.81947
FRA,PUB,2011,79.60076
FRA,PUB,2012,78.50546
FRA,PUB,2013,77.55162
FRA,PUB,2014,77.25726
FRA,PUB,2015,77.83796
FRA,PUB,2016,77.13021
FRA,PUB,2017,77.02515
FRA,PUB,2018,76.54214
DEU,PRIV,2005,13.0799
DEU,PRIV,2008,13.27572
DEU,PRIV,2010,13.38883
DEU,PRIV,2011,13.15616
DEU,PRIV,2012,13.87893
DEU,PRIV,2013,14.03098
DEU,PRIV,2014,13.9569
DEU,PRIV,2015,15.28508
DEU,PRIV,2016,15.40028
DEU,PRIV,2017,15.1937
DEU,PRIV,2018,14.83674
ISL,PRIV,2000,8.222224
ISL,PRIV,2005,9.461825
ISL,PRIV,2008,7.837861
ISL,PRIV,2009,7.990531
ISL,PRIV,2010,8.823525
ISL,PRIV,2011,9.403447
ISL,PRIV,2012,7.675494
ISL,PRIV,2013,8.369281
ISL,PRIV,2014,8.507196
ISL,PRIV,2015,8.263934
ISL,PRIV,2016,8.037794
ISL,PRIV,2017,8.001384
ISL,PRIV,2018,8.414017
CHL,PUB,1995,25.11168
CHL,PUB,2000,19.4713
CHL,PUB,2005,15.46172
CHL,PUB,2008,14.42366
CHL,PUB,2009,14.63646
CHL,PUB,2010,23.41859
CHL,PUB,2011,22.10917
CHL,PUB,2012,24.19256
CHL,PUB,2013,34.55607
CHL,PUB,2014,37.50436
CHL,PUB,2015,35.66116
CHL,PUB,2016,30.99275
CHL,PUB,2017,37.78913
CHL,PUB,2018,41.28828
OAVG,PRIV,2005,28.20444
OAVG,PRIV,2008,25.54612
OAVG,PRIV,2009,27.82287
OAVG,PRIV,2010,26.86439
OAVG,PRIV,2011,28.03234
OAVG,PRIV,2012,28.73681
OAVG,PRIV,2013,28.17499
OAVG,PRIV,2014,27.5275
OAVG,PRIV,2015,29.62747
OAVG,PRIV,2016,30.89651
OAVG,PRIV,2017,29.70445
OAVG,PRIV,2018,30.09596
OAVG,PUB,2005,70.66184
OAVG,PUB,2008,72.169
OAVG,PUB,2009,71.64393
OAVG,PUB,2010,70.17071
OAVG,PUB,2011,69.73831
OAVG,PUB,2012,67.53702
OAVG,PUB,2013,68.20107
OAVG,PUB,2014,69.60448
OAVG,PUB,2015,67.45337
OAVG,PUB,2016,66.79789
OAVG,PUB,2017,67.32614
OAVG,PUB,2018,66.1615
COL,PUB,2009,45.97925
COL,PUB,2011,46.6837
COL,PUB,2012,44.81377
COL,PUB,2013,42.51165
COL,PUB,2014,49.78496
COL,PUB,2015,45.63153
COL,PUB,2016,36.05042
COL,PUB,2017,48.73284
COL,PUB,2018,79.73609
LVA,PUB,1995,77.38095
LVA,PUB,2000,56.00677
LVA,PUB,2005,53.8003
LVA,PUB,2008,60.25676
LVA,PUB,2009,55.16903
LVA,PUB,2010,51.99277
LVA,PUB,2011,58.23732
LVA,PUB,2012,59.86074
LVA,PUB,2013,61.73703
LVA,PUB,2014,73.4198
LVA,PUB,2015,72.61578
LVA,PUB,2016,65.30109
LVA,PUB,2017,59.7896
LVA,PUB,2018,57.6136
COL,PRIV,2009,53.9368
COL,PRIV,2011,53.30307
COL,PRIV,2012,55.18579
COL,PRIV,2013,57.31143
COL,PRIV,2014,50.13984
COL,PRIV,2015,54.31901
COL,PRIV,2016,63.8861
COL,PRIV,2017,51.1872
COL,PRIV,2018,20.26391
LVA,PRIV,1995,22.61905
LVA,PRIV,2000,38.24027
LVA,PRIV,2005,42.69747
LVA,PRIV,2008,32.98777
LVA,PRIV,2009,37.52201
LVA,PRIV,2010,34.44606
LVA,PRIV,2011,34.82008
LVA,PRIV,2012,34.22429
LVA,PRIV,2013,29.34617
LVA,PRIV,2014,20.06556
LVA,PRIV,2015,22.61709
LVA,PRIV,2016,31.1168
LVA,PRIV,2017,32.70967
LVA,PRIV,2018,31.32397
DNK,HH,2013,0
DNK,HH,2014,0
DNK,HH,2016,0.1877812
DNK,HH,2017,0.0969818
DNK,HH,2018,0.093032
DNK,OTHPRIVENT,2013,5.807029
DNK,OTHPRIVENT,2014,5.158892
DNK,OTHPRIVENT,2016,8.771537
DNK,OTHPRIVENT,2017,10.46128
DNK,OTHPRIVENT,2018,11.9965
GRC,HH,2012,9.611825
GRC,HH,2013,12.48923
GRC,HH,2014,13.99775
GRC,HH,2015,11.55453
GRC,HH,2017,14.53227
GRC,HH,2018,13.90829
LUX,HH,2012,2.760449
LUX,HH,2013,1.150761
LUX,HH,2014,2.852393
LUX,HH,2015,2.409094
LUX,HH,2016,3.2688
LUX,HH,2017,3.20045
LUX,HH,2018,2.192617
LUX,OTHPRIVENT,2012,2.344744
LUX,OTHPRIVENT,2013,0.8635042
LUX,OTHPRIVENT,2014,1.751543
LUX,OTHPRIVENT,2015,1.877302
LUX,OTHPRIVENT,2016,2.692621
LUX,OTHPRIVENT,2017,2.535757
LUX,OTHPRIVENT,2018,3.385808
NZL,OTHPRIVENT,2012,14.51898
NZL,OTHPRIVENT,2013,15.13891
NZL,OTHPRIVENT,2014,14.7007
NZL,OTHPRIVENT,2015,14.63684
NZL,OTHPRIVENT,2016,15.38908
NZL,OTHPRIVENT,2017,15.90766
NZL,OTHPRIVENT,2018,14.39822
NOR,OTHPRIVENT,2012,0.5820529
NOR,OTHPRIVENT,2013,0.5405405
NOR,OTHPRIVENT,2014,0.2264688
NOR,OTHPRIVENT,2015,0.1843225
NOR,OTHPRIVENT,2016,2.36479
NOR,OTHPRIVENT,2017,3.062441
NOR,OTHPRIVENT,2018,2.443791
SWE,HH,2012,0.3817218
SWE,HH,2013,0.5115175
SWE,HH,2014,0.6073678
SWE,HH,2015,0.8064033
SWE,HH,2016,0.8748621
SWE,HH,2017,0.9967646
SWE,HH,2018,1.133681
TUR,HH,2011,10.06003
TUR,HH,2012,12.16123
TUR,HH,2013,11.3433
TUR,HH,2014,11.408
TUR,HH,2015,10.20672
TUR,HH,2016,9.91247
TUR,HH,2017,11.07284
TUR,HH,2018,12.19818
TUR,OTHPRIVENT,2011,11.99651
TUR,OTHPRIVENT,2012,12.41217
TUR,OTHPRIVENT,2013,14.36738
TUR,OTHPRIVENT,2014,14.58017
TUR,OTHPRIVENT,2015,15.77472
TUR,OTHPRIVENT,2016,15.46006
TUR,OTHPRIVENT,2017,8.639121
TUR,OTHPRIVENT,2018,14.98406
ARG,OTHPRIVENT,2008,9.296672
ARG,OTHPRIVENT,2009,6.763095
ARG,OTHPRIVENT,2010,11.6715
ARG,OTHPRIVENT,2011,13.00663
COL,HH,2009,53.89381
COL,HH,2011,53.26322
COL,HH,2012,55.14453
COL,HH,2013,57.26644
COL,HH,2014,50.09208
COL,HH,2015,54.27354
COL,HH,2016,63.85128
COL,HH,2017,51.14335
COL,HH,2018,20.26391
COL,OTHPRIVENT,2009,0.0429815
COL,OTHPRIVENT,2011,0.0398532
COL,OTHPRIVENT,2012,0.041261
COL,OTHPRIVENT,2013,0.044995
COL,OTHPRIVENT,2014,0.0477541
COL,OTHPRIVENT,2015,0.0454753
COL,OTHPRIVENT,2016,0.0348139
COL,OTHPRIVENT,2017,0.0438497
COL,OTHPRIVENT,2018,0
IND,HH,2005,19.07814
IND,OTHPRIVENT,2005,0
LVA,HH,2012,34.05714
LVA,HH,2013,27.8315
LVA,HH,2014,19.06285
LVA,HH,2015,21.49615
LVA,HH,2016,30.1965
LVA,HH,2017,28.09937
LVA,HH,2018,24.45581
LVA,OTHPRIVENT,2012,0.1671543
LVA,OTHPRIVENT,2013,1.514665
LVA,OTHPRIVENT,2014,1.002708
LVA,OTHPRIVENT,2015,1.120939
LVA,OTHPRIVENT,2016,0.920304
LVA,OTHPRIVENT,2017,4.610297
LVA,OTHPRIVENT,2018,6.868153
FIN,HH,2012,0
FIN,HH,2013,0
FIN,HH,2014,0
FIN,HH,2015,0
FIN,HH,2016,0
FIN,HH,2017,0.0445327
FIN,HH,2018,0.1193085
FIN,OTHPRIVENT,2012,3.820483
FIN,OTHPRIVENT,2013,3.922275
FIN,OTHPRIVENT,2014,3.515769
FIN,OTHPRIVENT,2015,3.419784
FIN,OTHPRIVENT,2016,3.405771
FIN,OTHPRIVENT,2017,3.461437
FIN,OTHPRIVENT,2018,3.662077
DEU,OTHPRIVENT,2015,0
HUN,HH,2012,45.56461
CRI,PRIV,2013,40.58065
CRI,PUB,2013,59.41935
LTU,HH,2005,28.1218
LTU,HH,2008,24.0988
LTU,HH,2009,29.27581
LTU,HH,2010,25.3617
LTU,HH,2011,19.8104
LTU,HH,2012,18.9106
LTU,HH,2013,18.23503
LTU,HH,2014,17.21635
LTU,HH,2015,18.05325
LTU,HH,2016,23.6111
LTU,HH,2017,22.13757
LTU,HH,2018,19.72698
LTU,OTHPRIVENT,2005,6.499481
LTU,OTHPRIVENT,2008,6.875982
LTU,OTHPRIVENT,2009,5.509997
LTU,OTHPRIVENT,2010,5.068519
LTU,OTHPRIVENT,2011,5.583576
LTU,OTHPRIVENT,2012,5.731666
LTU,OTHPRIVENT,2013,5.541084
LTU,OTHPRIVENT,2014,5.162318
LTU,OTHPRIVENT,2015,6.958228
LTU,OTHPRIVENT,2016,7.135948
LTU,OTHPRIVENT,2017,7.855412
LTU,OTHPRIVENT,2018,8.487189
LTU,PRIV,2005,34.62128
LTU,PRIV,2008,30.97478
LTU,PRIV,2009,34.7858
LTU,PRIV,2010,30.43022
LTU,PRIV,2011,25.39398
LTU,PRIV,2012,24.64227
LTU,PRIV,2013,23.77611
LTU,PRIV,2014,22.37867
LTU,PRIV,2015,25.01148
LTU,PRIV,2016,30.74705
LTU,PRIV,2017,29.99298
LTU,PRIV,2018,28.21417
LTU,PUB,2005,63.12416
LTU,PUB,2008,65.4518
LTU,PUB,2009,62.49936
LTU,PUB,2010,66.69221
LTU,PUB,2011,71.90716
LTU,PUB,2012,72.96484
LTU,PUB,2013,72.67757
LTU,PUB,2014,74.34711
LTU,PUB,2015,71.76677
LTU,PUB,2016,66.31862
LTU,PUB,2017,64.48744
LTU,PUB,2018,66.09361
OAVG,HH,2012,21.36781
OAVG,HH,2013,20.69212
OAVG,HH,2014,19.54852
OAVG,HH,2015,21.74623
OAVG,HH,2016,22.60335
OAVG,HH,2017,21.74929
OAVG,HH,2018,21.59494
OAVG,OTHPRIVENT,2012,8.236956
OAVG,OTHPRIVENT,2013,7.923812
OAVG,OTHPRIVENT,2014,8.603922
OAVG,OTHPRIVENT,2015,8.442856
OAVG,OTHPRIVENT,2016,8.638895
OAVG,OTHPRIVENT,2017,8.566727
OAVG,OTHPRIVENT,2018,8.50102
CRI,HH,2013,40.58065
CRI,OTHPRIVENT,2013,0
